{
  "project_info": {
    "project_number": "485391574018",
    "project_id": "capstone-0rlr24",
    "storage_bucket": "capstone-0rlr24.firebasestorage.app"
  },
  "client": [
    {
      "client_info": {
        "mobilesdk_app_id": "1:485391574018:android:c109c0c586871cf0d6f31b",
        "android_client_info": {
          "package_name": "com.mycompany.capstone"
        }
      },
      "oauth_client": [
        {
          "client_id": "485391574018-0v7oqo46sc9ugcbuftikatd95df5gr39.apps.googleusercontent.com",
          "client_type": 3
        }
      ],
      "api_key": [
        {
          "current_key": "AIzaSyAcqcfRKQVHPCMNGVGTpJexHNnPuQsVHFI"
        }
      ],
      "services": {
        "appinvite_service": {
          "other_platform_oauth_client": [
            {
              "client_id": "485391574018-0v7oqo46sc9ugcbuftikatd95df5gr39.apps.googleusercontent.com",
              "client_type": 3
            },
            {
              "client_id": "485391574018-nn71030ctt6m8n0qpd5q2um5egerckj8.apps.googleusercontent.com",
              "client_type": 2,
              "ios_info": {
                "bundle_id": "com.mycompany.capstone"
              }
            }
          ]
        }
      }
    }
  ],
  "configuration_version": "1"
}